Property Name,City,State/Country,Region,Category
La Cabana Beach Resort & Casino,Oranjestad,Aruba,International,Bluegreen
Alpine Club,Schladming,Austria,International,HVC
Great Wolf Lodge Arizona,Scottsdale,AZ,United States,Great Wolf Lodge
"Rancho Ma??ana, a Hilton Vacation Club",Cave Creek,AZ,United States,HVC
Kohl's Ranch Lodge,Payson,AZ,United States,HVC
PVC at The Roundhouse Resort,Pinetop,AZ,United States,HVC
"Scottsdale Links Resort, a Hilton Vacation Club",Scottsdale,AZ,United States,HVC
"Scottsdale Villa Mirage, a Hilton Vacation Club",Scottsdale,AZ,United States,HVC
"Ridge on Sedona, a Hilton Vacation Club",Sedona,AZ,United States,HVC
"Sedona Summit, a Hilton Vacation Club",Sedona,AZ,United States,HVC
Bell Rock Inn,Sedona,AZ,United States,HVC
"Los Abrigados Resort & Spa, a Hilton Vacation Club",Sedona,AZ,United States,HVC
"Varsity Club Tucson, a Hilton Vacation Club",Tucson,AZ,United States,HVC
"MarBrisa, a Hilton Grand Vacations Club",Carlsbad,CA,United States,HGV
Carlsbad Seapointe Resort,Carlsbad,CA,United States,HGV
Grand Pacific Palisades Vacation Resort,Carlsbad,CA,United States,HGV
Hilton Grand Vacations Club Palm Desert,Palm Desert,CA,United States,Extraordinary Escapes
Great Wolf Lodge Southern California,Garden Grove,CA,United States,Great Wolf Lodge
Great Wolf Lodge Manteca / Northern California,Manteca,CA,United States,Great Wolf Lodge
"San Luis Bay Inn, a Hilton Vacation Club",Avila,CA,United States,HVC
"Riviera Beach & Shores, a Hilton Vacation Club",Capistrano Beach,CA,United States,HVC
"Palm Canyon, a Hilton Vacation Club",Palm Springs,CA,United States,HVC
Desert Isle of Palm Springs,Palm Springs,CA,United States,HVC
Riviera Oaks Resort & Racquet Club,Ramona,CA,United States,HVC
Hilton Vacation Club Lake Tahoe Resort,South Lake Tahoe,CA,United States,HVC
"Tahoe Seasons, a Hilton Vacation Club",South Lake Tahoe,CA,United States,HVC
"Tremblant, a Hilton Grand Vacations Club","Mont Tremblant, Quebec",Canada,International,Extraordinary Escapes
Embarc Panorama,"Panorama, British Columbia",Canada,International,Extraordinary Escapes
"Blue Mountain, a Hilton Grand Vacations Club","The Blue Mountains, Ontario",Canada,International,Extraordinary Escapes
Embarc Ucluelet,"Ucluelet, British Columbia",Canada,International,Extraordinary Escapes
Embarc Vancouver,"Vancouver, British Columbia",Canada,International,Extraordinary Escapes
Hilton Grand Vacations Club Whistler,"Whistler, British Columbia",Canada,International,Extraordinary Escapes
The Innsbruck Aspen,Aspen,CO,United States,Bluegreen
Streamside at Vail,Vail,CO,United States,Bluegreen
"Valdoro Mountain Lodge, a Hilton Grand Vacations Club",Breckenridge,CO,United States,HGV
Great Wolf Lodge Colorado Springs,Colorado Springs,CO,United States,Great Wolf Lodge
Great Wolf Lodge Mashantucket,Mashantucket,CT,United States,Great Wolf Lodge
"The District, a Hilton Club",Washington,DC,United States,HGV
Woodford Bridge Country Club,Devon,England,International,HVC
Pine Lake Resort,Lancashire,England,International,HVC
Thurnham Hall,Lancashire,England,International,HVC
Daytona SeaBreeze???,Daytona Beach,FL,United States,Bluegreen
The Hammocks at Marathon???,Marathon,FL,United States,Bluegreen
Solara Surfside,Surfside,FL,United States,Bluegreen
The Fountains,Orlando,FL,United States,Bluegreen
"McAlpin Ocean Plaza, a Hilton Grand Vacations Club",South Beach,FL,United States,HGV
"Las Palmeras, a Hilton Grand Vacations Club",Orlando,FL,United States,HGV
"Parc Soleil, a Hilton Grand Vacations Club",Orlando,FL,United States,HGV
"SeaWorld?? Orlando, a Hilton Grand Vacations Club",Orlando,FL,United States,HGV
"Tuscany Village, a Hilton Grand Vacations Club",Orlando,FL,United States,HGV
Hilton Grand Vacations Club in Sandestin Golf and Beach Resort???,Sandestin,FL,United States,Extraordinary Escapes
Great Wolf Lodge Naples,Naples,FL,United States,Great Wolf Lodge
"Daytona Beach Regency, a Hilton Vacation Club",Daytona Beach,FL,United States,HVC
"Crescent on South Beach, a Hilton Vacation Club",Miami Beach,FL,United States,HVC
"The Cove on Ormond Beach, a Hilton Vacation Club",Ormond Beach,FL,United States,HVC
"Polynesian Isles, a Hilton Vacation Club",Kissimmee,FL,United States,HVC
Alhambra at Poinciana,Kissimmee,FL,United States,HVC
Orbit One Vacation,Kissimmee,FL,United States,HVC
Parkway International Resort,Kissimmee,FL,United States,HVC
"Cypress Pointe, a Hilton Vacation Club",Orlando,FL,United States,HVC
"Grand Beach, a Hilton Vacation Club",Orlando,FL,United States,HVC
"Grande Villas, a Hilton Vacation Club",Orlando,FL,United States,HVC
"Mystic Dunes, a Hilton Vacation Club",Orlando,FL,United States,HVC
Bryan's Spanish Cove,Orlando,FL,United States,HVC
"Aqua Sol, a Hilton Vacation Club",Winter Garden,FL,United States,HVC
"Charter Club Naples Bay, a Hilton Vacation Club",Naples,FL,United States,HVC
Le Club Mougins,Mougins,France,International,HVC
Royal Regency Paris Vincennes,Paris-Vincennes,France,International,HVC
Great Wolf Lodge Georgia,Atlanta/LaGrange,GA,United States,Great Wolf Lodge
Village Heights Resort,Crete,Greece,International,HVC
"Kings' Land, a Hilton Grand Vacations Club",Waikoloa,HI,United States,HGV
"Kohala Suites, a Hilton Grand Vacations Club",Waikoloa,HI,United States,HGV
"Ocean Tower, a Hilton Grand Vacations Club",Waikoloa,HI,United States,HGV
"The Bay Club, a Hilton Grand Vacations Club",Waikoloa,HI,United States,HGV
"Maui Bay Villas, a Hilton Grand Vacations Club",Kihei,HI,United States,HGV
"Grand Waikikian, a Hilton Grand Vacations Club",Honolulu,HI,United States,HGV
"Hokulani Waikiki, a Hilton Grand Vacations Club",Honolulu,HI,United States,HGV
"Kalia Suites, a Hilton Grand Vacations Club",Honolulu,HI,United States,HGV
"Lagoon Tower, a Hilton Grand Vacations Club",Honolulu,HI,United States,HGV
"The Grand Islander, a Hilton Grand Vacations Club",Honolulu,HI,United States,HGV
"The Point at Poipu, a Hilton Vacation Club",Koloa,HI,United States,HVC
Hilton Vacation Club Ka'anapali Beach,Lahaina,HI,United States,HVC
Aston Ka'anapali Shores,Lahaina,HI,United States,HVC
"The Modern, a Hilton Vacation Club",Honolulu,HI,United States,HVC
Hotel Blake,Chicago,IL,United States,Bluegreen
"Chicago Magnificent Mile, a Hilton Grand Vacations Club",Chicago,IL,United States,HGV
Great Wolf Lodge Illinois,Chicago/Gurnee,IL,United States,Great Wolf Lodge
"Varsity Club South Bend, a Hilton Vacation Club",South Bend,IN,United States,HVC
"Borgo alle Vigne, a Hilton Grand Vacations Club","Selvatelles, Pisa",Italy,International,HGV
Palazzo at Soriano,Soriano nel Cimino,Italy,International,HVC
Palazzo Catalani,Soriano nel Cimino,Italy,International,HVC
"The Bay Forest Odawara, a Hilton Club",Odawara,Japan,International,HGV
"The Beach Resort Sesoko, a Hilton Club",Okinawa,Japan,International,HGV
Great Wolf Lodge Kansas City,Kansas City,KS,United States,Great Wolf Lodge
The Soundings Seaside Resort,Dennis Port,MA,United States,Bluegreen
Great Wolf Lodge New England,Boston/Fitchburg,MA,United States,Great Wolf Lodge
Great Wolf Lodge Perryville,Baltimore/Perryville,MD,United States,Great Wolf Lodge
"La Pacifica Los Cabos, a Hilton Club",Los Cabos,Mexico,International,HGV
Hilton Grand Vacations Club Zihuatanejo,"Zihuatanejo, Guerrero",Mexico,International,Extraordinary Escapes
"Cabo Azul, a Hilton Vacation Club",Baja California,Mexico,International,HVC
Great Wolf Lodge Traverse City,Traverse City,MI,United States,Great Wolf Lodge
Great Wolf Lodge Minnesota,Minneapolis/Bloomington,MN,United States,Great Wolf Lodge
The Falls Village???,Branson,MO,United States,Bluegreen
Wilderness Club??? at Big Cedar??,Ridgedale,MO,United States,Bluegreen
The Suites at Fall Creek,Branson,MO,United States,HVC
Blue Ridge Village,Banner Elk,NC,United States,Bluegreen
Club Lodges At Trillium,Cashiers,NC,United States,Bluegreen
Great Wolf Lodge Charlotte,Charlotte/Concord,NC,United States,Great Wolf Lodge
"Beachwoods, a Hilton Vacation Club",Kitty Hawk,NC,United States,HVC
Fairway Forest Resort,Sapphire,NC,United States,HVC
"Villas de Santa Fe, a Hilton Vacation Club",Santa Fe,NM,United States,HVC
Club 36???,Las Vegas,NV,United States,Bluegreen
"Elara, a Hilton Grand Vacations Club",Las Vegas,NV,United States,HGV
"Elara, a Hilton Club",Las Vegas,NV,United States,HGV
"Flamingo, a Hilton Grand Vacations Club",Las Vegas,NV,United States,HGV
"Paradise, a Hilton Grand Vacations Club",Las Vegas,NV,United States,HGV
"The Boulevard, a Hilton Grand Vacations Club",Las Vegas,NV,United States,HGV
"Trump International Hotel Las Vegas, a Hilton Grand Vacations Club",Las Vegas,NV,United States,HGV
"Cancun Las Vegas, a Hilton Vacation Club",Las Vegas,NV,United States,HVC
"Desert Retreat, a Hilton Vacation Club",Las Vegas,NV,United States,HVC
"Polo Towers, a Hilton Vacation Club",Las Vegas,NV,United States,HVC
"The Central at 5th, a Hilton Club",New York,NY,United States,HGV
"The Quin, a Hilton Club",New York,NY,United States,HGV
The Hilton Club - New York,New York,NY,United States,HGV
"The Residences, a Hilton Club",New York,NY,United States,HGV
"West 57th Street, a Hilton Club",New York,NY,United States,HGV
Great Wolf Lodge Mason,Cincinnati/Mason,OH,United States,Great Wolf Lodge
Great Wolf Lodge Sandusky,Sandusky,OH,United States,Great Wolf Lodge
The Suites At Hershey,Hershey,PA,United States,Bluegreen
Great Wolf Lodge Poconos,Pocono Mountains/Scotrun,PA,United States,Great Wolf Lodge
Vilar do Golf,Algarve,Portugal,International,HVC
"Lodge Alley Inn, a Hilton Vacation Club",Charleston,SC,United States,Bluegreen
Carolina Grande???,Myrtle Beach,SC,United States,Bluegreen
"Liberty Place Charleston, a Hilton Club",Charleston,SC,United States,HGV
"Ocean Oak Resort, a Hilton Grand Vacations Club",Hilton Head Island,SC,United States,HGV
"Anderson Ocean Club, a Hilton Grand Vacations Club",Myrtle Beach,SC,United States,HGV
"Ocean 22, a Hilton Grand Vacations Club",Myrtle Beach,SC,United States,HGV
"Ocean Enclave, a Hilton Grand Vacations Club",Myrtle Beach,SC,United States,HGV
"Craigendarroch Suites, a Hilton Grand Vacations Club",Ballater,Scotland,International,HGV
The Kenmore Club,Perthshire,Scotland,International,HVC
"Flamingo Beach, a Hilton Vacation Club",Philipsburg,Sint Maarten,International,HVC
"Royal Palm, a Hilton Vacation Club",Philipsburg,Sint Maarten,International,HVC
White Sands Beach Club,Balearic Islands,Spain,International,HVC
Los Amigos Beach Club,Costa del Sol,Spain,International,HVC
Royal Oasis Club at Pueblo Quinta,Costa del Sol,Spain,International,HVC
Sahara Sunset,Costa del Sol,Spain,International,HVC
Club Cala Blanca,Gran Canaria,Spain,International,HVC
Royal Tenerife Country Club,"Tenerife, Canary Islands",Spain,International,HVC
Santa Barbara Golf & Ocean Club,"Tenerife, Canary Islands",Spain,International,HVC
"MountainLoft???, a Hilton Vacation Club",Gatlinburg,TN,United States,Bluegreen
"Laurel Crest, a Hilton Vacation Club",Pigeon Forge,TN,United States,Bluegreen
"Mill Springs Lodge, a Hilton Vacation Club",Pigeon Forge,TN,United States,Bluegreen
"Bent Creek Golf Village, a Hilton Vacation Club",Gatlinburg,TN,United States,HVC
Sunrise Ridge Resort,Pigeon Forge,TN,United States,HVC
Great Wolf Lodge Grapevine,Dallas/Grapevine,TX,United States,Great Wolf Lodge
Great Wolf Lodge Webster,Houston/Webster,TX,United States,Great Wolf Lodge
"Sunrise Lodge, a Hilton Grand Vacations Club",Park City,UT,United States,HGV
"Cedar Breaks, a Hilton Vacation Club",Brian Head,UT,United States,HVC
Patrick Henry Square???,Williamsburg,VA,United States,Bluegreen
Great Wolf Lodge Williamsburg,Williamsburg,VA,United States,Great Wolf Lodge
"Ocean Beach Club, a Hilton Vacation Club",Virginia Beach,VA,United States,HVC
"Oceanaire, a Hilton Vacation Club",Virginia Beach,VA,United States,HVC
Beach Quarters Resort,Virginia Beach,VA,United States,HVC
Boardwalk Resort and Villas,Virginia Beach,VA,United States,HVC
Turtle Cay Resort,Virginia Beach,VA,United States,HVC
"Greensprings, a Hilton Vacation Club",Williamsburg,VA,United States,HVC
"The Historic Powhatan, a Hilton Vacation Club",Williamsburg,VA,United States,HVC
Great Wolf Lodge Grand Mound,Grand Mound,WA,United States,Great Wolf Lodge
Great Wolf Lodge Wisconsin Dells,Wisconsin Dells,WI,United States,Great Wolf Lodge